"id","latitude","longitude","alertDate","forecastInitTime","createdAt","maxTemperature","minTemperature","maxHeatIndex","alertLevel","alertMessage","source"
2,"25","-98.75","2025-10-05","2025-10-04 12:00:00","2025-10-05 19:26:08.508","36.80568847656252","22.07109985351565","32.25479653253274",1,"WATCH: Hot conditions - limit outdoor exposure","GEOS-CF"
3,"26.25","-98.75","2025-10-05","2025-10-04 12:00:00","2025-10-05 19:26:08.51","37.4428649902344","22.63359985351565","32.76713608520884",1,"WATCH: Hot conditions - limit outdoor exposure","GEOS-CF"
4,"27.5","-100","2025-10-05","2025-10-04 12:00:00","2025-10-05 19:26:08.511","36.7553649902344","22.53984985351565","32.21081146784554",1,"WATCH: Hot conditions - limit outdoor exposure","GEOS-CF"
5,"27.5","-98.75","2025-10-05","2025-10-04 12:00:00","2025-10-05 19:26:08.512","36.5053649902344","22.03984985351565","32.00663540178666",1,"WATCH: Hot conditions - limit outdoor exposure","GEOS-CF"
6,"28.75","-98.75","2025-10-05","2025-10-04 12:00:00","2025-10-05 19:26:08.514","36.6928649902344","21.88359985351565","32.15979400847806",1,"WATCH: Hot conditions - limit outdoor exposure","GEOS-CF"
7,"25","-98.75","2025-10-06","2025-10-04 12:00:00","2025-10-05 19:26:09.057","36.84026489257815","22.1557556152344","32.28045554033088",1,"WATCH: Hot conditions - limit outdoor exposure","GEOS-CF"
8,"26.25","-98.75","2025-10-06","2025-10-04 12:00:00","2025-10-05 19:26:09.06","37.0379577636719","23.2182556152344","32.44139336671915",1,"WATCH: Hot conditions - limit outdoor exposure","GEOS-CF"
9,"25","-98.75","2025-10-07","2025-10-04 12:00:00","2025-10-05 19:26:09.515","37.29750976562502","22.2902770996094","32.65156072517178",1,"WATCH: Hot conditions - limit outdoor exposure","GEOS-CF"
10,"26.25","-98.75","2025-10-07","2025-10-04 12:00:00","2025-10-05 19:26:09.517","37.42250976562502","23.5715270996094","32.7559575492014",1,"WATCH: Hot conditions - limit outdoor exposure","GEOS-CF"
11,"25","-98.75","2025-10-08","2025-10-04 12:00:00","2025-10-05 19:26:09.98","36.54058227539065","21.5692077636719","32.03894153876271",1,"WATCH: Hot conditions - limit outdoor exposure","GEOS-CF"
12,"26.25","-98.75","2025-10-08","2025-10-04 12:00:00","2025-10-05 19:26:09.982","36.54058227539065","23.5692077636719","32.0419965667504",1,"WATCH: Hot conditions - limit outdoor exposure","GEOS-CF"
13,"27.5","-100","2025-10-08","2025-10-04 12:00:00","2025-10-05 19:26:09.983","37.27987060546877","24.0692077636719","32.63717981525572",1,"WATCH: Hot conditions - limit outdoor exposure","GEOS-CF"
14,"27.5","-98.75","2025-10-08","2025-10-04 12:00:00","2025-10-05 19:26:09.984","36.65487060546877","22.79299316406252","32.13249373281688",1,"WATCH: Hot conditions - limit outdoor exposure","GEOS-CF"
15,"28.75","-100","2025-10-08","2025-10-04 12:00:00","2025-10-05 19:26:09.986","36.71737060546877","24.2567077636719","32.18440135304658",1,"WATCH: Hot conditions - limit outdoor exposure","GEOS-CF"
"16","25","-98.75","2025-10-02","2025-10-01 12:00:00","2025-10-06 02:17:34.828",40.00011276574797,23.136136904528154,29.863385490230215,"1","WATCH: Hot conditions - limit outdoor exposure","GEOS-CF"
"17","26.25","-98.75","2025-10-02","2025-10-01 12:00:00","2025-10-06 02:17:34.828",37.906974254787656,22.03982240482644,35.93898806811722,"1","WATCH: Hot conditions - limit outdoor exposure","GEOS-CF"
"18","27.5","-100","2025-10-02","2025-10-01 12:00:00","2025-10-06 02:17:34.828",36.05269173533614,21.16103741349886,31.867250797436064,"1","WATCH: Hot conditions - limit outdoor exposure","GEOS-CF"
"19","27.5","-98.75","2025-10-02","2025-10-01 12:00:00","2025-10-06 02:17:34.828",33.72520248363006,23.911280908652554,31.117888688525074,"1","WATCH: Hot conditions - limit outdoor exposure","GEOS-CF"
"20","28.75","-98.75","2025-10-02","2025-10-01 12:00:00","2025-10-06 02:17:34.828",39.216199550760635,24.030789513362407,34.7023578711998,"1","WATCH: Hot conditions - limit outdoor exposure","GEOS-CF"
"21","25","-98.75","2025-10-03","2025-10-02 12:00:00","2025-10-06 02:17:34.828",36.54031918961713,22.059657506469744,29.111191385493626,"1","WATCH: Hot conditions - limit outdoor exposure","GEOS-CF"
"22","26.25","-98.75","2025-10-03","2025-10-02 12:00:00","2025-10-06 02:17:34.828",34.12364063365786,23.722701761074276,33.08569810998946,"1","WATCH: Hot conditions - limit outdoor exposure","GEOS-CF"
"23","27.5","-100","2025-10-03","2025-10-02 12:00:00","2025-10-06 02:17:34.828",37.7215972223121,21.969270314805275,29.976689353695352,"1","WATCH: Hot conditions - limit outdoor exposure","GEOS-CF"
"24","27.5","-98.75","2025-10-03","2025-10-02 12:00:00","2025-10-06 02:17:34.828",36.25801972892382,23.886886483246972,32.654608603838795,"1","WATCH: Hot conditions - limit outdoor exposure","GEOS-CF"
"25","28.75","-98.75","2025-10-03","2025-10-02 12:00:00","2025-10-06 02:17:34.828",34.37363467049927,23.641258440351397,32.83118639881679,"1","WATCH: Hot conditions - limit outdoor exposure","GEOS-CF"
"26","25","-98.75","2025-10-04","2025-10-03 12:00:00","2025-10-06 02:17:34.828",33.85416402565942,23.193259453882465,30.11417098804763,"1","WATCH: Hot conditions - limit outdoor exposure","GEOS-CF"
"27","26.25","-98.75","2025-10-04","2025-10-03 12:00:00","2025-10-06 02:17:34.828",38.48984127830178,23.78170006260761,30.773889206441734,"1","WATCH: Hot conditions - limit outdoor exposure","GEOS-CF"
"28","27.5","-100","2025-10-04","2025-10-03 12:00:00","2025-10-06 02:17:34.828",36.251214417129866,20.516742673972864,33.15663786547047,"1","WATCH: Hot conditions - limit outdoor exposure","GEOS-CF"
"29","27.5","-98.75","2025-10-04","2025-10-03 12:00:00","2025-10-06 02:17:34.828",35.56390960937818,20.42664415420678,30.405610103526676,"1","WATCH: Hot conditions - limit outdoor exposure","GEOS-CF"
"30","28.75","-98.75","2025-10-04","2025-10-03 12:00:00","2025-10-06 02:17:34.828",40.295924331841505,19.716645880973495,29.03773063236215,"1","WATCH: Hot conditions - limit outdoor exposure","GEOS-CF"
